,PID: Dem (no lean),PID: Ind (no lean),PID: Rep (no lean),overall
Monthly,0.04304879318869266,0.05727920294178308,0.06710872321281638,0.055140980318722825
Daily,0.08334255839693631,0.030615587691203542,0.07168819070970038,0.06791982498748567
Don't know/ No opinion,0.10666914990931677,0.15179118878293751,0.11460397050673592,0.1190944862746073
Weekly,0.17279832792196778,0.10642758915111175,0.12176999815955078,0.1395995111642324
Rarely,0.17584916393101022,0.15217025979596233,0.16659081192977926,0.16739713184060595
Never,0.41829200665207616,0.5017161716370017,0.4582383054814172,0.4508480654143458
