,PID: Dem (no lean),PID: Ind (no lean),PID: Rep (no lean),overall
"Yes, probably",0.41031470665947595,0.27058149761067557,0.39766571469273204,0.3604604280883923
Don't know/ No opinion,0.19583660486595952,0.34436832966076864,0.22851908102718202,0.2547087790014504
"Yes, definitely",0.1979127535437274,0.09999416387483016,0.17206783421007105,0.15778783183732825
"No, definitely not",0.10310523061495247,0.18130256589317026,0.11682614478408616,0.1330344798886529
"No, probably not",0.09283070431588468,0.10375344296055543,0.08492122528592869,0.09400848118417619
