,PID: Dem (no lean),PID: Ind (no lean),PID: Rep (no lean),overall
I mostly observe discussions had by others,0.533078922979928,0.6149898458248874,0.551972206428048,0.565811035265791
I participate occasionally,0.24878395732460892,0.17205425357026466,0.25437743129957713,0.2252401204698704
I participate regularly and actively contribute to discussions,0.14112247995458593,0.054733904865291616,0.12165180015358396,0.10674023915331211
"Other, please describe",0.07701463974087704,0.15822199573955648,0.07199856211879073,0.10220860511102657
