,PID: Dem (no lean),PID: Ind (no lean),PID: Rep (no lean),overall
Don't know/ No opinion,0.040633032371082047,0.07324594895860291,0.03754491954470562,0.04621580692757279
Very negative – I feel overwhelmed and fatigued by the constant stream of information,0.06527844845919953,0.1101706543907423,0.09365119641484194,0.08542335008158032
I actively avoid election-related posts on social media,0.0785713119356631,0.08039583982312418,0.0783386187054222,0.07886075094771468
"Somewhat negative – it can be tiresome, but I still pay attention",0.1521819648454321,0.1987217285199744,0.21901982321926686,0.18735969624520443
Very positive – I feel informed and engaged,0.1898246652018232,0.0772848146168606,0.1182693905837067,0.13916017014843385
"Somewhat positive – I appreciate staying updated, even if it is overwhelming at times",0.20364721109979658,0.12574198301850328,0.18061323374920873,0.17869618095470907
Neutral – I don't have strong feelings either way,0.26986336608700345,0.3344390306721922,0.2725628177828481,0.28428404469478497
