,PID: Dem (no lean),PID: Ind (no lean),PID: Rep (no lean),overall
Monthly,0.06923887259835942,0.058512209771223046,0.10093307639482964,0.07911987438311409
Never,0.10790769480412951,0.1157415075924049,0.10279708121975398,0.10758009592562118
Rarely,0.13670907503113014,0.12770604903498095,0.11060464156606518,0.12487208847930348
Weekly,0.21555378310331882,0.16686059408923762,0.191433450776176,0.19624490443373302
Daily,0.22507892493955672,0.16850102834055836,0.20147083323401946,0.2043308079100631
Don't know/ No opinion,0.2455116495235055,0.36267861117159506,0.2927609168091558,0.2878522288681651
