,PID: Dem (no lean),PID: Ind (no lean),PID: Rep (no lean),overall
Social media platforms and government should share the responsibility,0.40163744426864617,0.26627765908785017,0.32571243837629466,0.33388568443291916
Mainly the responsibility of social media platforms,0.24004509488226808,0.16305936523640488,0.2614788794990554,0.22125772065794355
Don't know/ No opinion,0.1193996454250435,0.323293052988375,0.15127707726170544,0.19624636408787463
Mainly the responsibility of government,0.18389944270045097,0.09990096860427783,0.11493994145193671,0.1351802742156829
Neither are responsible,0.05501837272359114,0.14746895408309219,0.14659166341100777,0.11342995660557974
