,PID: Dem (no lean),PID: Dem (no lean),PID: Dem (no lean),PID: Dem (no lean),PID: Ind (no lean),PID: Ind (no lean),PID: Ind (no lean),PID: Ind (no lean),PID: Rep (no lean),PID: Rep (no lean),PID: Rep (no lean),PID: Rep (no lean)
,Social media platforms,Your state government,Federal government,Local government,Social media platforms,Your state government,Federal government,Local government,Social media platforms,Your state government,Federal government,Local government
Far too much,0.04073304126875961,0.030516796654181538,0.05628311849692257,0.029107423142135536,0.05924387487798983,0.050865182791553325,0.0432168798647694,0.0404508277002219,0.07041892959073942,0.04985366366998966,0.0828702416892134,0.04173304238921705
Don't know/ No opinion,0.06462851495629598,0.10086156253312827,0.08546093345816107,0.11701886802219671,0.11305868667498922,0.12663490610076544,0.1246120390409529,0.14993152005771693,0.08331369356259945,0.11168534683476992,0.10340421389739936,0.12519888118518005
Too much,0.07232001758117865,0.057188050863931195,0.04797794884486408,0.06423097939576679,0.10957105059340637,0.04667641372917051,0.11124991526629939,0.07154630575340704,0.0881470612260983,0.05627001365414341,0.07352572417364388,0.07208432696064367
Too little,0.25568871552055367,0.31140549264691963,0.3165839352125862,0.287991665434728,0.2817392292504041,0.2922189118320974,0.3192972509985638,0.2498047809704605,0.2390687545518708,0.28617556820327017,0.28324615671050396,0.2537053218768935
Far too little,0.270280623095164,0.10030069182193288,0.11746948945469797,0.0928921167276019,0.21824337007108385,0.0921692198230138,0.11844014114773323,0.0797507368214746,0.26034510993136756,0.12354530792282066,0.157397521957231,0.11724075096699554
About the right amount,0.29634908757804823,0.39972740547990643,0.3762245745327682,0.40875894727757117,0.21814378853212657,0.39143536572339943,0.28318377368168124,0.4085158286967189,0.25870645113732454,0.3724700997150061,0.29955614157200844,0.39003767662107014
