,PID: Dem (no lean),PID: Dem (no lean),PID: Dem (no lean),PID: Dem (no lean),PID: Ind (no lean),PID: Ind (no lean),PID: Ind (no lean),PID: Ind (no lean),PID: Rep (no lean),PID: Rep (no lean),PID: Rep (no lean),PID: Rep (no lean)
,Social media platforms,Your state government,Federal government,Local government,Social media platforms,Your state government,Federal government,Local government,Social media platforms,Your state government,Federal government,Local government
Far too much,0.04075151708467753,0.032201103658803874,0.046504388607889045,0.027609736615228773,0.055527428352038555,0.046395463486837374,0.05345449126738078,0.03679349589989426,0.06523932378888153,0.04662666774850292,0.07318157460115852,0.03813752621758405
Don't know/ No opinion,0.07129343583691408,0.10407248215512092,0.09115653789470925,0.11903159298966531,0.12174576307404256,0.16377925476699523,0.1518588285961619,0.1941191026400396,0.08650360446452532,0.11758740316446056,0.11291686296989335,0.13441921757468298
Too much,0.08606610530374814,0.05652048784086233,0.05634955754127402,0.061489725991032446,0.09893372249337146,0.059798772621327274,0.09326198917436015,0.0658895492544077,0.09646565057060717,0.059844334256839826,0.0772051542653699,0.0665336146325464
Far too little,0.24473396024212266,0.10467037020520778,0.11926220862838362,0.0970829392449994,0.2461443872573167,0.10742069747557643,0.13641158285180538,0.09820448879682744,0.25356407034974726,0.12646957225020178,0.16445789453411416,0.12443420756973998
Too little,0.271165002410865,0.30295216759187127,0.3020264823015222,0.2802322595962259,0.2550796079903138,0.2823714939192467,0.31729487127235545,0.2512036328468763,0.23810247036198515,0.27819221086784884,0.2734384795274119,0.25422285451778626
About the right amount,0.2859899791216726,0.39958338854813386,0.384700825026222,0.4145537455628481,0.2225690908329169,0.340234317730017,0.24771823683793637,0.35378973056195473,0.2601248804642535,0.3712798117121462,0.29880003410205197,0.3822525794876604
