,PID: Dem (no lean),PID: Ind (no lean),PID: Rep (no lean),overall
Never,0.4152669694900564,0.5087701452664343,0.46668374873379503,0.461753338018889
Don't know/ No opinion,0.1158054933397362,0.2328378357860633,0.1524180445381229,0.16551164597264942
Rarely,0.17786643995027113,0.12300093893644831,0.162316808533982,0.15505728497556373
Weekly,0.1238341360937547,0.06205605504810732,0.08102037938024274,0.09041813175908518
Daily,0.10918899136941407,0.03229632034865437,0.0696695876908393,0.07180523259487957
Monthly,0.058037969756767394,0.041038704614292404,0.06789143112301799,0.05545436667893325
