,PID: Dem (no lean),PID: Ind (no lean),PID: Rep (no lean),overall
Don't know/ No opinion,0.27587252421236513,0.37365377027603974,0.27537828254253743,0.3079031180325823
Never,0.13601996689232798,0.2600817314212901,0.17108703579806697,0.18756734121072222
Daily,0.1879329114991823,0.1041432357924949,0.19921874258010497,0.16380506415293772
Weekly,0.1849364491671148,0.10058344027493132,0.14163971983597418,0.14394302084247163
Rarely,0.13902090365392078,0.11358420318125313,0.14417288182557517,0.13222363176638877
Monthly,0.07621724457508897,0.047953619053990905,0.0685033374177413,0.0645578239948973
