,PID: Dem (no lean),PID: Ind (no lean),PID: Rep (no lean),overall
"No, definitely not",0.08238974294020922,0.09209381784089478,0.0636349317949267,0.07730405554679437
"No, probably not",0.09863539764939469,0.10776981666550485,0.09473571847759832,0.09906315905650637
Don't know/ No opinion,0.1852109013139048,0.23689244327742823,0.18165726754452088,0.19464933155397796
"Yes, definitely",0.21673323185928442,0.16024423006752925,0.20070388172707165,0.1988665952295098
"Yes, probably",0.4170307262372069,0.40299969214864295,0.4592682004558824,0.43011685861321153
