,PID: Dem (no lean),PID: Ind (no lean),PID: Rep (no lean),overall
"Other, please describe",0.07729768763929071,0.07548513243458614,0.09725743088239072,0.08448716400843308
I participate regularly and actively contribute to discussions,0.1621773686479223,0.06722317499509152,0.09872496924540376,0.11830266957932385
I participate occasionally,0.2663320208037232,0.20541852003224279,0.25984115680036735,0.2511585277659616
I mostly observe discussions had by others,0.4941929229090638,0.6518731725380796,0.5441764430718381,0.5460516386462815
