,PID: Dem (no lean),PID: Ind (no lean),PID: Rep (no lean),overall
Monthly,0.05728751517567701,0.07028596505045234,0.08211010853856637,0.06941176010247317
Daily,0.15959903033308245,0.07995730929794216,0.11449827353992277,0.12587804044628392
Rarely,0.1686310255922507,0.23387506276551825,0.21185117555151944,0.19863422567301928
Never,0.19001725088738813,0.21051565180471865,0.18330074100476682,0.19174864003787342
Not at all,0.20065043275478722,0.26164871295052894,0.24963075441563407,0.23195152864443747
Weekly,0.22381474525681458,0.14371729813083967,0.15860894694959063,0.1823758050959127
