,Age: 18-34,Age: 35-44,Age: 45-64,Age: 65+,overall
"Other, please describe",0.02240852831318232,0.04670527339921791,0.08984067452749653,0.16470165319361066,0.08448716400843308
I participate regularly and actively contribute to discussions,0.18720671895190102,0.17049555335006605,0.09363462671511508,0.04851809202485041,0.11830266957932385
I participate occasionally,0.332609297033965,0.3041057051052958,0.21743776895673791,0.1802960115218639,0.2511585277659616
I mostly observe discussions had by others,0.45777545570095163,0.47869346814542024,0.5990869298006505,0.6064842432596751,0.5460516386462815
