,Age: 18-34,Age: 35-44,Age: 45-64,Age: 65+,overall
Don't know/ No opinion,0.07740099483774086,0.13781877173224535,0.10167631982611985,0.11649322414705046,0.10466576684121469
Monthly,0.09472137607200322,0.05124105660386851,0.04483006235099372,0.006392802498674746,0.049092825059694235
Daily,0.154992793160621,0.0743469749805808,0.050054518214547115,0.015469125569643596,0.07219584421154955
Rarely,0.16143755662481862,0.24900064525501917,0.21906722942947027,0.09516288639264206,0.1779850317087172
Weekly,0.24525072493487252,0.16394332303807482,0.12794590506696818,0.07964502771206886,0.1516551754274367
Never,0.2661965543699438,0.32364922839021143,0.4564259651119009,0.6868369336799203,0.44440535675138765
