,Age: 18-34,Age: 35-44,Age: 45-64,Age: 65+,overall
Never,0.3686526957014337,0.35155269690926844,0.461805641179764,0.6641400170125958,0.461753338018889
Don't know/ No opinion,0.20677028612987694,0.14324791711891252,0.1732401894611117,0.11797854938069266,0.16551164597264942
Rarely,0.15003529072925265,0.16750531610404257,0.15616764826382204,0.15069543343706426,0.15505728497556373
Weekly,0.10783044632232483,0.12190233498038,0.09530942052629371,0.03756709869390482,0.09041813175908518
Daily,0.08967926586076669,0.14659190564778074,0.055645466252719,0.01562767630939844,0.07180523259487957
Monthly,0.07703201525634518,0.06919982923961565,0.05783163431628956,0.013991225166344013,0.05545436667893325
