,Age: 18-34,Age: 35-44,Age: 45-64,Age: 65+,overall
I actively avoid election-related posts on social media,0.02370987588655619,0.04757547863068242,0.07343403653430619,0.1798057758450385,0.08313717498636235
Very negative – I feel overwhelmed and fatigued by the constant stream of information,0.05078120977847335,0.06057466593358502,0.09367543942973994,0.08446617607488577,0.07525463287034398
Don't know/ No opinion,0.0877492949240765,0.053080001008874104,0.05716129546353454,0.038836035798773004,0.05984854627316968
"Somewhat negative – it can be tiresome, but I still pay attention",0.12854090855104783,0.16442001515736088,0.1980876496387595,0.17760680607236837,0.16991176217224482
Very positive – I feel informed and engaged,0.22425619859802343,0.19970395819824324,0.11138471278470802,0.08155306916053037,0.14658652480234266
"Somewhat positive – I appreciate staying updated, even if it is overwhelming at times",0.22769779490163758,0.18459487737667638,0.19905594772000734,0.15370719997812943,0.19292116584269162
Neutral – I don't have strong feelings either way,0.25726471736018497,0.29005100369457815,0.26720091842894445,0.2840249370702747,0.2723401930528449
