,Age: 18-34,Age: 35-44,Age: 45-64,Age: 65+,overall
"No, definitely not",0.09231043706997985,0.09491212140436338,0.08259322481727951,0.04369149306403572,0.07730405554679437
"No, probably not",0.10374877771927182,0.13382831259662398,0.08215304648782885,0.09586198185539736,0.09906315905650637
Don't know/ No opinion,0.18561465264326285,0.15232494439507988,0.17788223737097986,0.2530150980771903,0.19464933155397796
"Yes, definitely",0.22877214225989342,0.2147304088756556,0.19489061864794105,0.16357474771951738,0.1988665952295098
"Yes, probably",0.38955399030759186,0.4042042127282772,0.4624808726759707,0.4438566792838593,0.43011685861321153
