,Age: 18-34,Age: 35-44,Age: 45-64,Age: 65+,overall
I mostly observe discussions had by others,0.517997450780513,0.5277641141823886,0.5839139266764151,0.630513192457168,0.565811035265791
I participate occasionally,0.25504236944290726,0.22352084709810116,0.2354104263456328,0.17374362438632945,0.2252401204698704
I participate regularly and actively contribute to discussions,0.14489239640001428,0.16518834427105675,0.08562590585178852,0.04352550680531225,0.10674023915331211
"Other, please describe",0.08206778337656546,0.08352669444845351,0.09504974112616375,0.15221767635119032,0.10220860511102657
