,Age: 18-34,Age: 35-44,Age: 45-64,Age: 65+,overall
Strongly agree,0.23901387478034478,0.3621367189598578,0.3621509557697126,0.528513680663801,0.36379900922462394
Somewhat agree,0.2356122849116317,0.32227224545326744,0.31502712308745917,0.31326087407417447,0.29276027705672064
Don't know/ No opinion,0.3780344412130002,0.22467497707876818,0.20429915771998536,0.09716547864526522,0.23411152826133086
Somewhat disagree,0.07974093425044025,0.0637118951042618,0.08134641756374061,0.03847240020664647,0.06826760970791802
Strongly disagree,0.06759846484458315,0.02720416340384487,0.037176345859102254,0.02258756641011286,0.0410615757494065
