,Age: 18-34,Age: 35-44,Age: 45-64,Age: 65+,overall
Neutral – I don't have strong feelings either way,0.24871153698405088,0.29419851519426504,0.29483913361555586,0.2815117341511553,0.27832230378710754
"Somewhat positive – I appreciate staying updated, even if it is overwhelming at times",0.15375119057243578,0.12368823317979737,0.15817841535875402,0.17725732235398028,0.1553935514214976
"Somewhat negative – it can be tiresome, but I still pay attention",0.12074831452486821,0.12538095712019864,0.1549874135715791,0.14415324938381602,0.13762322516269315
Very positive – I feel informed and engaged,0.1473046130652457,0.1929536413856483,0.10111700326860538,0.0880944041671639,0.12703575855902483
Don't know/ No opinion,0.1775320957399004,0.12330775334251826,0.1072873755756452,0.05029299099123869,0.11756925451519541
I actively avoid election-related posts on social media,0.09703244382614416,0.08185023118190048,0.09852114898613282,0.17566880158858522,0.11265381919259285
Very negative – I feel overwhelmed and fatigued by the constant stream of information,0.054919805287355,0.05862066859567196,0.0850695096237277,0.08302149736406042,0.07140208736188854
