,Age: 18-34,Age: 35-44,Age: 45-64,Age: 65+,overall
Strongly disagree,0.02076319223464696,0.028678367041502565,0.024753212680795604,0.026417037164136414,0.024742949955556502
Don't know/ No opinion,0.08043032734877548,0.06829974939114132,0.06896368630344354,0.03495420974027203,0.06334853251911497
Somewhat disagree,0.09903058730045766,0.046803715702274595,0.0532009006743009,0.020737806648628586,0.055937617355267706
Somewhat agree,0.3816344136729837,0.36474588119102025,0.34930391531340443,0.3215151469704228,0.35308298654508297
Strongly agree,0.4181414794431361,0.49147228667406123,0.5037782850280556,0.5963757994765402,0.5028879136249778
