,Age: 18-34,Age: 35-44,Age: 45-64,Age: 65+,overall
Never,0.09991087287366823,0.10754025652538442,0.11217934779962181,0.10925519883373441,0.10758009592562118
Don't know/ No opinion,0.1155011828506869,0.2343797882740649,0.28629574149544373,0.5012509566031704,0.2878522288681651
Monthly,0.1494461247125474,0.11189796326447228,0.06083227948639064,0.011129299300764473,0.07911987438311409
Rarely,0.1657082589832873,0.12397282893612856,0.1293105279314913,0.07712433009829209,0.12487208847930348
Daily,0.19989894797801333,0.18190041602359183,0.22178056585434225,0.19892085140174662,0.2043308079100631
Weekly,0.26953461260179673,0.2403087469763581,0.1896015374327101,0.10231936376229195,0.19624490443373302
