,Age: 18-34,Age: 35-44,Age: 45-64,Age: 65+,overall
Monthly,0.10143606997638671,0.07037755828738139,0.04763524429053145,0.008104698185110832,0.055140980318722825
Don't know/ No opinion,0.10928703558087283,0.12226311096787662,0.13678206731343326,0.10312344447872016,0.1190944862746073
Daily,0.12291233613085162,0.10533297660188048,0.046393583617541256,0.01735374015057626,0.06791982498748567
Rarely,0.1699224808083952,0.20623881134348426,0.18008106075038344,0.12349097061167355,0.16739713184060595
Weekly,0.1957020923145934,0.17803802704213048,0.13188773221257324,0.068382601189473,0.1395995111642324
Never,0.3007399851889002,0.3177495157572468,0.4572203118155375,0.6795445453844462,0.4508480654143458
