,Age: 18-34,Age: 35-44,Age: 45-64,Age: 65+,overall
Strongly disagree,0.021983244359388397,0.026004062300491685,0.020108060083873426,0.02458174811711722,0.022610081347264444
Somewhat disagree,0.088814680887075,0.05793605826305164,0.06562954428201027,0.025662198949874312,0.06046883428145458
Don't know/ No opinion,0.11879193313230484,0.06848953491945281,0.08405355857529472,0.03319649828147315,0.07794794595230847
Somewhat agree,0.372942469519364,0.3627375296063657,0.3354284555006662,0.32335449505473157,0.3462766313257261
Strongly agree,0.39746767210186784,0.4848328149106381,0.49478038155815535,0.5932050595968037,0.4926965070932464
