,Age: 18-34,Age: 35-44,Age: 45-64,Age: 65+,overall
"Other, please describe",0.012365063157607202,0.035982342113289684,0.08179986051768458,0.1884068903314446,0.08342087094997688
I participate regularly and actively contribute to discussions,0.1805178910247357,0.16228622934730288,0.0935249557356385,0.07987625607290263,0.12308779392940282
I participate occasionally,0.3454687398887176,0.30985070193949954,0.1688678638580671,0.1611644681324663,0.2340756189251403
I mostly observe discussions had by others,0.46164830592893946,0.49188072659990795,0.6558073198886099,0.5705523854631865,0.55941571619548
