,Age: 18-34,Age: 35-44,Age: 45-64,Age: 65+,overall
"Other, please specify",0.005551514487525989,0.00190916682243476,0.024853373214767972,0.040506195189113796,0.020255639481383966
Civic or religious organizations in your community,0.0662021951499728,0.09349409522839094,0.07485159675381589,0.061867364672875944,0.07225612148889518
"Fact-checking organizations (e.g. Snopes, PolitiFact, AP Fact Check, etc.)",0.09047180843990386,0.16506684249209688,0.07156703690152263,0.03554177306414544,0.08182892409183372
Don't know/ No opinion,0.09193337379736494,0.08847794505844195,0.09469242051592408,0.07914651187332714,0.08915784750820084
A national political party organization,0.09874607718212887,0.10126089089684066,0.09134380765097519,0.12703781971608952,0.10365781720866823
"Elected officials at any level (e.g. mayors, governors, Congress members)",0.09943820720378281,0.1034054173633398,0.09012938853231502,0.07347247740010615,0.09041919597064486
State election administrators,0.10603112472659294,0.14677793913300233,0.21864391354902799,0.2748818962335072,0.19260893798291645
Election-related organizations (including integrity and voting rights groups),0.13164210665078788,0.20268959241950668,0.14452052258067344,0.14262973455682795,0.14966886787931796
Local or county administrators,0.14431291969880947,0.26108361640889166,0.3101425980430983,0.3599916813950177,0.27231854745063916
A federal agency or website dedicated to elections (e.g. the U.S. Election Assistance Commission or vote.gov),0.15476595777801672,0.2236786017188116,0.24207526676152924,0.30333314360099395,0.23201777062788204
"Your favorite commentator or analyst from a radio show, podcast, TV show, blog, or newspaper",0.15531795243589416,0.1379043297724337,0.05338876832512259,0.03659331817614574,0.08843390061519403
"News media professionals (local/national TV news anchors, journalists, reporters)",0.23354849096098143,0.15238071802912526,0.1609184056367367,0.21968734185812283,0.19293592942071094
Your preferred candidate,0.2366158444687015,0.15314780318524612,0.11061981647104474,0.07239712412407019,0.14007857987405775
"Your favorite social media influencer or content creator (e.g. TikTok, X/Twitter, Reels, etc.)",0.23921485475640838,0.1074469602845959,0.050101740270221205,0.04150232101767714,0.10546118046654979
Friends and family,0.260084037602317,0.2524787018699128,0.2522248781583037,0.1995561452365135,0.24117725815324323
