,Age: 18-34,Age: 35-44,Age: 45-64,Age: 65+,overall
Not at all,0.2673047266764814,0.27614161546879945,0.28609441322529905,0.34482180209725594,0.29217968771411
Never,0.13818667701176282,0.14850729726402437,0.22669193720102823,0.2790034316832468,0.19960764743864037
Rarely,0.20384554280646952,0.1856672714438528,0.20469232393721612,0.18348640327711124,0.19647782046054663
Weekly,0.15205510154997168,0.1861418956915934,0.13819526473166838,0.11230245999259525,0.14444836219677698
Daily,0.14326296594017754,0.11921487003661042,0.08398169308232425,0.0546279933895024,0.10052475338952599
Monthly,0.0953449860151369,0.08432705009511948,0.060344367822464065,0.02575790956028834,0.06676172880039997
