,Age: 18-34,Age: 35-44,Age: 45-64,Age: 65+,overall
Never,0.08086209494962592,0.14485447395021792,0.23158773928238607,0.2748441008945223,0.19022472056915324
Monthly,0.11496953623594024,0.1162318145270376,0.05171028615373466,0.033217465015622935,0.0733053075734679
Not at all,0.1319311465961141,0.18814640396590743,0.23956056153402347,0.3671575423971619,0.23571255907348107
Daily,0.17489790211266476,0.12970700057786255,0.1230772529620045,0.0787414684659072,0.1264021276332936
Rarely,0.24357737634018595,0.21800230617226177,0.2087348249384706,0.15683814934188042,0.20621141020688039
Weekly,0.2537619437654689,0.2030580008067128,0.1453293351293807,0.08920127388490516,0.16814387494372376
