,Far too little,Too little,About the right amount,Too much,Far too much,Don't know/ No opinion
Social media platforms,0.26034510993136756,0.2390687545518708,0.25870645113732454,0.0881470612260983,0.07041892959073942,0.08331369356259945
Your state government,0.12354530792282066,0.28617556820327017,0.3724700997150061,0.05627001365414341,0.04985366366998966,0.11168534683476992
Federal government,0.157397521957231,0.28324615671050396,0.29955614157200844,0.07352572417364388,0.0828702416892134,0.10340421389739936
Local government,0.11724075096699554,0.2537053218768935,0.39003767662107014,0.07208432696064367,0.04173304238921705,0.12519888118518005
