,Far too little,Too little,About the right amount,Too much,Far too much,Don't know/ No opinion
Social media platforms,0.20637188559512304,0.21125682303431856,0.2576467913379225,0.09305579367913967,0.07184120058127487,0.15982750577222138
Your state government,0.13580036820246308,0.22907086503817353,0.3300811002658636,0.06614386032580458,0.04665171836984859,0.19225208779784653
Federal government,0.16062225986277942,0.227990152254826,0.2869847757468197,0.08686737053105988,0.06068263021311255,0.1768528113914024
Local government,0.12298975917914884,0.22403719024110724,0.3364863172521132,0.07092782621130336,0.0464727341405521,0.19908617297577527
