,Far too little,Too little,About the right amount,Too much,Far too much,Don't know/ No opinion
Social media platforms,0.2327104834908201,0.23395470975746913,0.2643651099310527,0.0935012530698013,0.07717099729961105,0.09829744645124568
Your state government,0.11873604451382015,0.27903890328752395,0.36702257468841054,0.07025799764668178,0.04307687941166412,0.12186760045189952
Federal government,0.1419946629085941,0.2923794840697554,0.28802597892109527,0.08733936240735,0.07478110418400223,0.11547940750920305
Local government,0.11341046601491833,0.2688488802912898,0.3662874836089479,0.075726688163545,0.04315641403309314,0.13257006788820586
