,"How confident are you, if at all, that your vote will be counted accurately in the 2024 presidential election?","How confident are you, if at all, that votes in your local community will be counted accurately in the 2024 presidential election?","How confident are you, if at all, that votes in your state will be counted accurately in the 2024 presidential election?","How confident are you, if at all, that votes across the country will be counted accurately in the 2024 presidential election?"
Don't know/no opinion,0.08573912648072321,0.08141729263147285,0.07773923034618355,0.07638601361512602
Not at all confident,0.09353784712517947,0.06744637515415007,0.07713215031634808,0.12118799639655098
Not too confident,0.12777808576232189,0.11230836737616735,0.11618625114160712,0.1629962197598564
Somewhat confident,0.2623909412583605,0.28510716271848663,0.3031938771069813,0.30404463662559705
Very confident,0.43055399937341476,0.4537208021197232,0.4257484910888798,0.3353851336028697
